file,jd,date,year,phase,epoch,instrument,exptime,continuum_color,vmag_nearest,vmag_dt_days,Hbeta_peak,Hbeta_ew,HeI_NaD_peak,HeI_NaD_ew,Halpha_peak,Halpha_ew
000-BBW-825_CDZ_2459435.46289352.FITS,2459435.46289352,2021-08-08,2021.6026380644385,0.8493452663298786,15.849345266329879,LISA,8371,1.9489429630614872,9.909,-0.06656251987442374,0.76532434604944,-3.256039820253874,1.3273999596062842,-0.2659072640139663,3.227920272956132,29.32952548109118
000-BBW-825_CDZ_2459439.44650463.FITS,2459439.44650463,2021-08-12,2021.6135520674798,0.8668515818317406,15.86685158183174,LISA,1205,1.6766761026956023,10.026,-0.05307863000780344,0.7419764142333669,-3.529524822900356,1.337753973927166,0.5491798676647777,3.1392490000547175,30.533605863092973
000-BBW-825_CDZ_2459443.47417824.FITS,2459443.47417824,2021-08-16,2021.6245867896992,0.8845515337111305,15.88455153371113,LISA,1203,1.6622636938271393,9.982,-0.08585624024271965,0.7888582765285804,-3.0630581034775504,1.3477919748901717,-0.2750633582237188,3.016556322988023,27.374824378365478
000-BBW-825_CDZ_2459706.48884259.FITS,2459706.48884259,2022-05-06,2022.3451749112048,0.040391691905675486,17.040391691905675,LISA,156,1.157821884638622,9.813,-0.051330589689314365,0.9489248748663156,-1.7103624402494992,1.34985821173474,1.606847268797765,3.988607624239115,36.47475855700693
000-BBW-825_CDZ_2459800.42915509.FITS,2459800.42915509,2022-08-08,2022.6025456303832,0.4532203299189703,17.45322032991897,LISA,1212,1.4119133817307834,9.849,-0.02323509007692337,0.9596519142915443,-1.3996805445909484,1.4175974810699834,1.5435572770157726,5.071506183471156,46.03192611480929
000-BBW-825_CDZ_2459806.41451389.FITS,2459806.41451389,2022-08-14,2022.6189438736717,0.47952349472412337,17.479523494724123,LISA,1214,1.4082785562688191,10.031,0.03024310991168022,0.9650612201769686,-1.6786903725672002,1.5345915987234133,3.135425625334931,5.229503237033999,51.16362159866436
000-BBW-825_CDZ_2459808.4759375.FITS,2459808.4759375,2022-08-16,2022.6245916095893,0.48858259489763967,17.48858259489764,LISA,1213,1.4323280961597407,10.079,0.09684249991551042,1.0731735721614772,-1.2911606177707964,1.555095742197586,2.7625857667457687,5.827520657055411,52.04727786239514
000-BBW-825_CDZ_2459817.37322917.FITS,2459817.37322917,2022-08-25,2022.6489677511513,0.5276824946575545,17.527682494657554,LISA,456,1.47904578726055,10.095,-0.008935170248150826,0.9654132118996762,-1.830700548540989,1.4678126240491334,2.307863863581751,4.782321176167864,45.576853912871435
000-BBW-825_CDZ_2459819.37434028.FITS,2459819.37434028,2022-08-27,2022.6544502473423,0.5364765464545052,17.536476546454505,LISA,456,1.4690651295198085,10.018,0.02442171983420849,0.9234984774114435,-1.9367818029688026,1.4091551111643115,1.0794759183607603,4.580862526169059,40.646196262225224
000-BBW-825_CDZ_2460773.56905093.FITS,2460773.56905093,2025-04-08,2025.2659426052876,0.7297657991027506,21.72976579910275,UVEX,6000,1.7029037312872128,9.879,0.0002690698020160198,1.006556883850439,-1.5537539787280803,1.1619673623864717,-1.9963622018104834,2.567881361348673,20.000951764932648
000-BBW-825_CDZ_2460775.5315.FITS,2460775.5315,2025-04-10,2025.2713191780824,0.7383899473007318,21.738389947300732,UVEX,9016,1.6466118427866117,9.754,-0.00011999998241662979,0.9719343337442539,-1.9864729276959068,1.3588100586542382,-1.417993734579093,3.771093242289989,27.79453103910187
000-BBW-825_CDZ_2460792.5839.FITS,2460792.5839,2025-04-27,2025.3180380821916,0.813328159442829,21.81332815944283,UVEX,6017,1.564812426833414,9.996,-5.9999991208314896e-05,0.8163253343380171,-2.6656149458071514,1.3121812151805694,-1.744166171904069,2.956070928481165,17.949161975946634
000-BBW-825_CDZ_2460793.4824.FITS,2460793.4824,2025-04-27,2025.3204997260277,0.8172766935857894,21.81727669358579,UVEX,11853,1.6474248583545752,9.968,-0.0002200002782046795,0.832791038247387,-2.4827125598221995,1.3042494686730388,-2.1231543896787515,3.047407938658585,18.88137629337376
000-BBW-825_CDZ_2460814.42861111.FITS,2460814.42861111,2025-05-18,2025.3778866057808,0.909326587543891,21.90932658754389,RC14 + UVEX_600 + Atik460EX,3000.0,1.6097707502157073,10.11,0.00015089008957147598,0.7896435112523464,-2.937189667799996,1.435650734836236,-0.4999846800890104,3.4782647886123828,23.227748495825626
000-BBW-825_CDZ_2460816.4384.FITS,2460816.4384,2025-05-20,2025.383392876712,0.9181587745787425,21.918158774578743,RC14 + UVEX_600 + Atik460EX,6101,1.5235568813784774,10.075,-0.0002899998798966408,0.8333266416663742,-2.7957199624062206,1.3920134078070183,-1.022789092314683,3.201407156243262,21.58761123177617
000-BBW-825_CDZ_2461060.7431713.FITS,2461060.7431713,2026-01-20,2026.0527210172597,0.9917767274228275,22.991776727422828,RC14 + UVEX_600 + Atik460EX,6600,1.5758452418857478,10.141,0.008228700142353773,0.8850436478576137,-2.638268694037619,1.1493614877767004,-2.3215664353197405,2.253802699490342,14.203209800642375
000-BBW-825_CDZ_2461062.75429398.FITS,2461062.75429398,2026-01-22,2026.0582309424112,0.000614775912097798,23.000614775912098,RC14 + UVEX_600 + Atik460EX,4200,1.6130607592470059,10.159,0.005256019998341799,0.8801385839078762,-2.5404123345847016,1.1179165786358278,-2.4660990418593256,2.315551420972209,14.86501363799865
000-BBW-825_CDZ_2461063.73561343.FITS,2461063.73561343,2026-01-23,2026.060919488849,0.004927267122234014,23.004927267122234,RC14 + UVEX_600 + Atik460EX,7800,1.9324405112614413,10.173,-0.0009734299965202808,0.8933371513011684,-2.439160754132268,1.1498330690965857,-1.9482027325923745,2.4822338304511375,17.918279504026714
000-BBW-825_CDZ_2461065.72767361.FITS,2461065.72767361,2026-01-25,2026.066377187973,0.013681543845208921,23.01368154384521,RC14 + UVEX_600 + Atik460EX,6600,2.1880907888097885,10.222,0.005126389674842358,0.8460628554143719,-3.0537494501770617,1.2022339944119287,-1.6281783939490988,2.668544971380403,17.77722152926645
000-BBW-825_CDZ_2461067.73394676.FITS,2461067.73394676,2026-01-27,2026.0718738267403,0.02249828066399573,23.022498280663996,RC14 + UVEX_600 + Atik460EX,4800,1.8917962878395478,10.182,0.002953239716589451,0.8755086919785058,-2.6321465416340795,1.2009705365976595,-1.6411596991527109,2.8785696630875988,20.469684027763442
000-BBW-825_CDZ_2461068.72471065.FITS,2461068.72471065,2026-01-28,2026.0745882483557,0.026852276262495423,23.026852276262495,RC14 + UVEX_600 + Atik460EX,7200,2.026298672697254,10.161,0.0016793501563370228,0.9091209431170483,-2.617863987255176,1.278691303506456,-0.8226506355649547,3.144840130420968,23.31165073241058
000-BBW-825_CDZ_2461069.7241088.FITS,2461069.7241088,2026-01-29,2026.077326325479,0.031244215847571866,23.031244215847572,RC14 + UVEX_600 + Atik460EX,7200,1.642860579111016,10.171,0.0017412002198398113,0.9111814104962845,-2.5926353398877273,1.2945396407496073,-0.7457508545985057,3.180793988673227,24.225063249015303
000-BBW-825_CDZ_2461070.72858796.FITS,2461070.72858796,2026-01-30,2026.0800783231778,0.03565848436049279,23.035658484360493,RC14 + UVEX_600 + Atik460EX,9000,1.880823192189005,10.135,0.003912040032446384,0.8659351363450222,-2.7956190391319646,1.3209265146618454,-0.6779649243675258,3.35873112131638,26.728716651673007
000-BBW-825_CDZ_2461071.73896991.FITS,2461071.73896991,2026-01-31,2026.082846492904,0.04009869318264592,23.040098693182646,RC14 + UVEX_600 + Atik460EX,4200,1.4953841081492136,10.195,-0.006159910000860691,0.893269599961189,-2.6506163236919917,1.3243691152093306,-0.4114823815614279,3.5470990566602043,25.039683616892635
000-BBW-825_CDZ_2461080.71185185.FITS,2461080.71185185,2026-02-09,2026.1074297310963,0.0795307807693213,23.07953078076932,RC14 + UVEX_600 + Atik460EX,10800,1.5568241624709749,10.109,-0.002081850077956915,0.855185710513817,-2.718077035561045,1.2257188173184066,-1.0214847342129532,3.16971267584616,22.332808962558634
000-BBW-825_CDZ_2461081.71324074.FITS,2461081.71324074,2026-02-10,2026.110173262301,0.08393146882825775,23.083931468828258,RC14 + UVEX_600 + Atik460EX,11400,1.6152824380884658,10.135,0.0026692599058151245,0.8161434666544642,-2.9128827996568187,1.2086753184217436,-1.2229402838682133,3.1134473383159786,21.59258067216864
000-BBW-825_CDZ_2461082.73883102.FITS,2461082.73883102,2026-02-11,2026.112983098685,0.08843851194120234,23.088438511941202,RC14 + UVEX_600 + Atik460EX,6600,1.6775454597748916,10.178,0.005068980157375336,0.7958958155254594,-3.1365199509637645,1.2267192910584743,-1.4781837420930406,3.2548670724632687,20.093271428969185
000-BBW-825_CDZ_2461084.67310185.FITS,2461084.67310185,2026-02-13,2026.1182824708214,0.0969388284826529,23.096938828482653,RC14 + UVEX_600 + Atik460EX,6000,1.756034190558919,10.398,-0.016201850026845932,0.8544813611642804,-3.1373301376156437,1.1865843418067268,-1.9519512764892761,2.7156390031005246,18.342292399605515
000-BBW-825_CDZ_2461085.68346065.FITS,2461085.68346065,2026-02-14,2026.1210505771235,0.10137893557067912,23.10137893557068,RC14 + UVEX_600 + Atik460EX,6000,1.749850933774489,10.194,-0.004000650253146887,0.8212027075491621,-3.2268796204022148,1.1742542992554403,-2.082270195341772,2.5594977474238925,16.588807472457606
000-BBW-825_CDZ_2461086.69119213.FITS,2461086.69119213,2026-02-15,2026.123811485288,0.10580749667851208,23.105807496678512,RC14 + UVEX_600 + Atik460EX,6000,2.1869469892972098,10.204,-0.003992130048573017,0.7822537314082904,-3.3815985407710207,1.1936745344405686,-2.4923012018795534,2.4703480199567642,16.23409547199714
000-BBW-825_CDZ_2461087.68248843.FITS,2461087.68248843,2026-02-16,2026.126527365561,0.11016383199819657,23.110163831998197,RC14 + UVEX_600 + Atik460EX,6000,2.114132536256873,10.19,-0.003948429599404335,0.8667881802388433,-3.141091996619097,1.12371462407631,-2.6034551380382083,2.6114955022483324,15.264867842364538
000-BBW-825_CDZ_2461088.68005787.FITS,2461088.68005787,2026-02-17,2026.129260432521,0.11454773516440042,23.1145477351644,RC14 + UVEX_600 + Atik460EX,6000,2.147457388956584,10.201,-0.004007870331406593,0.7573437033638226,-3.3065707225304237,1.1521633780908513,-2.571386265893773,2.337392896382227,14.92891273815902
000-BBW-825_CDZ_2461089.68349537.FITS,2461089.68349537,2026-02-18,2026.1320095763567,0.11895742601408799,23.118957426014088,RC14 + UVEX_600 + Atik460EX,6000,2.170330966783081,10.194,-0.0040253703482449055,0.7772092541793479,-3.4188992926598596,1.137291198149511,-2.5259411510907963,2.3051319579047544,14.387485784318898
000-BBW-825_CDZ_2461091.65340278.FITS,2461091.65340278,2026-02-20,2026.1374065829593,0.1276143505167866,23.127614350516787,RC14 + UVEX_600 + Atik460EX,6000,2.365189137611155,10.188,-0.003992780111730099,0.7589151885988683,-3.4785098939840378,1.0708399453034627,-2.8155637162866918,2.182738113664614,13.809378421558552
000-BBW-825_CDZ_2461092.64920139.FITS,2461092.64920139,2026-02-21,2026.1401347983285,0.1319904716178435,23.131990471617843,RC14 + UVEX_600 + Atik460EX,6000,2.7284148780750255,10.179,-0.03619238967075944,0.7733749289884169,-3.3194890108910577,1.08405710447566,-3.1188292518035463,2.2005489979538653,13.521025958980358
000-BBW-825_CDZ_2461093.66649306.FITS,2461093.66649306,2026-02-22,2026.1429218987946,0.13646104578876006,23.13646104578876,RC14 + UVEX_600 + Atik460EX,6000,2.191800507510748,10.178,-0.004063060041517019,0.7524489803123069,-3.4396339658194233,1.0960401137425324,-2.994822660184484,2.2185074350238225,11.42703418222993
000-BBW-825_CDZ_2461094.64611111.FITS,2461094.64611111,2026-02-23,2026.1456057838636,0.1407660600542755,23.140766060054275,RC14 + UVEX_600 + Atik460EX,6000,2.1741901293043386,10.071,4.588998854160309e-05,0.7809030742758784,-3.2163047888926037,1.1352313542465968,-2.816580958423259,2.0866583949366184,11.397281554900921
000-BBW-825_CDZ_2461095.6550463.FITS,2461095.6550463,2026-02-24,2026.148369989863,0.14519991096626583,23.145199910966266,RC14 + UVEX_600 + Atik460EX,6000,2.168166880707152,10.121,-0.0003932998515665531,0.79073192128604,-3.213575179247536,1.0879581130144405,-3.052920858728807,2.138307978599807,11.61248515654631
000-BBW-825_CDZ_2461096.65766204.FITS,2461096.65766204,2026-02-25,2026.1511168823017,0.1496059905225593,23.14960599052256,RC14 + UVEX_600 + Atik460EX,6000,1.9393671235081638,10.147,0.003005960024893284,0.7660741176074003,-3.3543302418716845,1.0608555926238614,-3.2192732175975673,2.000640076712715,10.930922693077882
000-BBW-825_CDZ_2461107.61925926.FITS,2461107.61925926,2026-03-08,2026.1811486555073,0.19777765538469438,23.197777655384694,RC14 + UVEX_600 + Atik460EX,6000,2.269828144915647,9.96,-8.9260283857584e-05,0.756392637067525,-3.5180285272923513,1.0737073620519844,-3.3547407624910157,2.003815708476554,11.99445535067258
000-BBW-825_CDZ_2461108.61137731.FITS,2461108.61137731,2026-03-09,2026.1838667871507,0.2021376019548029,23.202137601954803,RC14 + UVEX_600 + Atik460EX,6000,2.3112305995597633,9.959,-0.0009073098190128803,0.7646931451695412,-3.242665581491489,1.0685746829619027,-3.113227409646051,2.1653613113946735,12.817433649297026
000-BBW-825_CDZ_2461109.60960648.FITS,2461109.60960648,2026-03-10,2026.1866016615897,0.2065244043594241,23.206524404359424,RC14 + UVEX_600 + Atik460EX,6000,2.401040185480605,10.032,-0.0009464803151786327,0.762219990367787,-3.1134508037655806,1.1934714700773665,-2.3581475946088255,2.3716303916120767,14.75610136420855
000-BBW-825_CDZ_2461127.56195602.FITS,2461127.56195602,2026-03-28,2026.2357861808769,0.28541752076953486,23.285417520769535,RC14 + UVEX_600 + Atik460EX,6000,2.3916517262613577,9.945,-0.00046302005648612976,0.7676839075988763,-3.328041010566616,1.0420356637223447,-4.253190962334461,1.9169570446048174,10.298453074032647
000-BBW-825_CDZ_2461128.56577546.FITS,2461128.56577546,2026-03-29,2026.2385363711235,0.2898288900870085,23.28982889008701,RC14 + UVEX_600 + Atik460EX,6000,2.1816112881727427,9.916,0.09596653981134295,0.7552168195805125,-3.273399525198034,1.049587927961308,-3.8995751024071073,1.8712939613845019,8.712410852125661
000-BBW-825_CDZ_2461130.56186343.FITS,2461130.56186343,2026-03-31,2026.2440051052872,0.2986008672709701,23.29860086727097,RC14 + UVEX_600 + Atik460EX,6000,2.3915032894583157,9.955,-0.004023429937660694,0.762158938710373,-3.2574717446524195,1.0648026065676242,-4.244897065665188,1.6041507136594442,7.6431847926197065
000-BBW-825_CDZ_2461131.55237269.FITS,2461131.55237269,2026-04-01,2026.2467188292871,0.3029537438779819,23.302953743877982,RC14 + UVEX_600 + Atik460EX,6000,2.5192528619944174,9.968,-0.004042689688503742,0.7722846842676511,-3.3445207188792967,1.042699393351646,-3.9607215286157196,1.5658293683610454,7.325717512563518
000-BBW-825_CDZ_2461136.54443287.FITS,2461136.54443287,2026-04-06,2026.2603957064935,0.3248917739979724,23.324891773997972,RC14 + UVEX_600 + Atik460EX,6000,2.6030338207983665,10.003,-0.00288187013939023,0.7622539203243334,-3.2605374674684975,1.0793780564620732,-3.816491619770158,1.375152043641625,5.148232549923468
000-BBW-825_CDZ_2461137.53719907.FITS,2461137.53719907,2026-04-07,2026.263115613891,0.3292545689189694,23.32925456891897,RC14 + UVEX_600 + Atik460EX,6000,2.462790934870838,9.97,0.00021092966198921204,0.7611073688989695,-3.310501305608379,1.1241302645193672,-4.082915700922934,1.581487992443233,7.694499758641243
000-BBW-825_CDZ_2461141.60715278.FITS,2461141.60715278,2026-04-11,2026.2742661720001,0.3471403242682385,23.34714032426824,RC14 + UVEX_600 + Atik460EX,6000,2.094092983527887,9.994,-0.00024277996271848679,0.7778473977851115,-3.1316096949443066,1.0315454056902065,-4.345942311979589,1.5201478209625465,6.748305354656606
000-BBW-825_CDZ_2461144.60680556.FITS,2461144.60680556,2026-04-14,2026.282484398795,0.36032255177819295,23.360322551778193,RC14 + UVEX_600 + Atik460EX,6000,2.1057104578173127,10.08,0.0002314397133886814,0.7556459234931345,-3.401664038157115,1.0973645178061753,-3.8681390697237132,1.7591309078143291,8.453548760627521
000-BBW-825_CDZ_2461145.54079861.FITS,2461145.54079861,2026-04-15,2026.2850432838632,0.364427063126314,23.364427063126314,RC14 + UVEX_600 + Atik460EX,6000,2.2138826652022034,10.057,-0.0005786102265119553,0.8038463635453799,-3.104937655513881,1.0947922257243414,-3.3528267825827607,1.8114438756610725,10.49921344104551
000-BBW-825_CDZ_2461146.60788194.FITS,2461146.60788194,2026-04-16,2026.2879667998354,0.3691164509514415,23.36911645095144,RC14 + UVEX_600 + Atik460EX,6000,2.022891043066451,10.102,-0.0006119399331510067,0.8059878723451824,-2.987699858531506,1.0502506733524695,-3.8836229426858258,1.860594840645808,8.795174404801008
000-BBW-825_CDZ_2461147.53550926.FITS,2461147.53550926,2026-04-17,2026.2905082445477,0.3731929875615627,23.373192987561563,RC14 + UVEX_600 + Atik460EX,6000,2.3262334658836776,10.157,0.00048073986545205116,0.7797780745391247,-3.1958786760609144,1.1230775797643686,-2.8794748527908904,1.8423804511130082,10.906854670416902
000-BBW-825_CDZ_2461154.67608796.FITS,2461154.67608796,2026-04-24,2026.3100714738634,0.4045728637934971,23.404572863793497,RC14 + UVEX_600 + Atik460EX,6000,2.156020686354192,10.154,-0.0008779601193964481,0.782103973771434,-3.211595580769136,1.0740676834032337,-3.6554777936257956,2.0033420966373,11.319796432249138
000-BBW-825_CDZ_2461155.67466435.FITS,2461155.67466435,2026-04-25,2026.3128072995896,0.4089611920851759,23.408961192085176,RC14 + UVEX_600 + Atik460EX,6000,2.12127515242593,10.18,-0.0009343503043055534,0.7926893180310003,-2.8915234452633642,1.138061101679707,-2.7787069378769242,2.6303698578397556,16.51119463922889
000-BBW-825_CDZ_2461158.68615741.FITS,2461158.68615741,2026-04-28,2026.321057965507,0.4221954527042797,23.42219545270428,RC14 + UVEX_600 + Atik460EX,5400,2.2250139475795643,10.247,0.0025325901806354523,0.7584350274332224,-3.425310307068723,1.1383286284847618,-2.561183042312426,2.4718590763745896,15.072672560528595
000-BBW-825_CDZ_2461161.65458333.FITS,2461161.65458333,2026-05-01,2026.3291906392597,0.4352404511387853,23.435240451138785,RC14 + UVEX_600 + Atik460EX,6000,2.269576572329233,10.276,-0.0009233299642801285,0.7640114645049993,-3.3497026762813,1.1120335984549055,-2.7548369312358663,2.29602013975488,13.633179258953765
000-BBW-825_CDZ_2461162.68104167.FITS,2461162.68104167,2026-05-02,2026.3320028538906,0.43975130901542414,23.439751309015424,RC14 + UVEX_600 + Atik460EX,6000,2.216578247296203,10.324,0.00020832987502217293,0.7656599410581266,-3.3200341763841394,1.1079323054417394,-3.2066194491798203,2.3970662557855813,13.805609037916614
000-BBW-825_CDZ_2461163.6412037.FITS,2461163.6412037,2026-05-03,2026.3346334347948,0.44397082215728645,23.443970822157286,RC14 + UVEX_600 + Atik460EX,6000,2.204971673735727,10.315,0.00013888999819755554,0.7596025625582161,-3.4661222662003137,1.1048506332178814,-3.3117168408127604,2.288808656810938,13.1450337531021
000-BBW-825_CDZ_2461168.64604167.FITS,2461168.64604167,2026-05-08,2026.3483453196436,0.46596500535249774,23.465965005352498,RC14 + UVEX_600 + Atik460EX,6000,2.202476064124217,10.384,0.00023148022592067719,0.7608480679862639,-3.3809987219939326,1.0300799988214124,-3.725987604822745,1.8335430067620935,10.206991464086352
000-BBW-825_CDZ_2461170.61737269.FITS,2461170.61737269,2026-05-10,2026.3537462265474,0.4746281860291859,23.474628186029186,RC14 + UVEX_600 + Atik460EX,3000,2.2053974168458037,10.3996,0.000637310091406107,0.7423902713116044,-3.408714518418954,1.1045610133779253,-3.313276471415511,2.4681080573511203,14.14124804660288
000-BBW-825_CDZ_2461171.6284375.FITS,2461171.6284375,2026-05-11,2026.3565162671232,0.47907139573793245,23.479071395737932,RC14 + UVEX_600 + Atik460EX,6000,2.1603417476568167,10.4108,0.0034524998627603054,0.7574675036189763,-3.5309828071866436,1.1215892714505498,-3.07389052912946,2.5728481267498937,14.326661276039065
000-BBW-825_CDZ_2461177.64849537.FITS,2461177.64849537,2026-05-17,2026.3730095763563,0.5055270485362087,23.50552704853621,RC14 + UVEX_600 + Atik460EX,2400,2.348754984227425,10.336,-0.0012753698974847794,0.7644148703220247,-3.4094474257044207,1.049632206135819,-3.665211958149805,1.8708158673252608,9.541894156833123
000-BBW-825_CDZ_2461179.59769676.FITS,2461179.59769676,2026-05-19,2026.3783498541375,0.514092978685813,23.514092978685813,RC14 + UVEX_600 + Atik460EX,6000,2.039652436950013,10.282,0.0012932396493852139,0.7771340177233574,-3.2575120820331174,1.0593604615724446,-3.454348722553178,2.030627121023955,11.346363475902468
000-BBW-825_CDZ_2461180.60061343.FITS,2461180.60061343,2026-05-20,2026.3810975710414,0.5185003807038875,23.518500380703887,RC14 + UVEX_600 + Atik460EX,6000,2.1107139297975905,10.218,0.0009665698744356632,0.7743517125215231,-3.228325627496183,1.0336079802139684,-3.9184012074779404,1.7640865290309036,8.898095841758169
000-BBW-825_CDZ_2461182.44207176.FITS,2461182.44207176,2026-05-21,2026.3861426623564,0.5265928248747827,23.526592824874783,RC14 + UVEX_600 + Atik460EX,6000,2.5332698256009096,10.281,-0.00020175985991954803,0.7700836530418772,-3.1724297392428986,1.0608962498132861,-3.255494652844387,2.0910247270979743,11.993956324040031
000-BBW-825_CDZ_2461183.44604167.FITS,2461183.44604167,2026-05-22,2026.3888932648497,0.5310048554456621,23.531004855445662,RC14 + UVEX_600 + Atik460EX,6000,2.4407311661484505,10.279,0.0006983298808336258,0.8018676011717669,-3.0300108311339624,1.072738613726064,-3.0409273247068915,2.063298437839416,12.305068575321473
000-BBW-825_CDZ_2461184.44737269.FITS,2461184.44737269,2026-05-23,2026.3916366375065,0.5354052891897467,23.535405289189747,RC14 + UVEX_600 + Atik460EX,6000,1.3061145991549483,10.297,0.0006973100826144218,0.8088016985697759,-2.7313940180205707,1.0675960362039045,-2.9435429089393814,2.028393536397143,12.06144163076198
000-BBW-825_CDZ_2461185.44084491.FITS,2461185.44084491,2026-05-24,2026.3943584792062,0.5397711867764876,23.539771186776488,RC14 + UVEX_600 + Atik460EX,6000,2.417263453043007,10.22,0.00015008961781859398,0.7796628722781426,-3.1744310373179294,1.0645609428536602,-3.2330231604304474,2.0887291442734237,12.197424569427119
000-BBW-825_CDZ_2461187.4340625.FITS,2461187.4340625,2026-05-26,2026.399819349315,0.5485305498333233,23.548530549833323,RC14 + UVEX_600 + Atik460EX,4200,2.4015481306923334,10.29,-0.0008625001646578312,0.7902651602909918,-3.1434505905614194,1.0707601936247044,-3.6856075712654732,1.851407824869104,10.320544582512287
000-BBW-825_CDZ_2461188.45055556.FITS,2461188.45055556,2026-05-27,2026.4026042618086,0.5529976144449655,23.552997614444966,RC14 + UVEX_600 + Atik460EX,6000,2.132741010428616,10.183,0.000724439974874258,0.8009027245381277,-2.9292239164714395,1.073334438054137,-3.360821374536614,1.9600232283775063,11.541362228121454
000-BBW-825_CDZ_2461189.47515046.FITS,2461189.47515046,2026-05-28,2026.4054113711231,0.557500283274937,23.557500283274937,RC14 + UVEX_600 + Atik460EX,6000,1.9457943183258697,10.132,-0.000430460087954998,0.8010204914564271,-2.8357809425236997,1.0352252327049623,-3.8411361254348586,1.863981860646733,10.424046938937812
000-BBW-825_CDZ_2461190.44373843.FITS,2461190.44373843,2026-05-29,2026.408065036794,0.5617568249210763,23.561756824921076,RC14 + UVEX_600 + Atik460EX,4200,1.9448448923007833,10.2134,-0.007578429765999317,0.7847784259204524,-3.085605587967763,1.077339563334771,-3.313321431475063,2.007313447973483,11.74866737567787
000-BBW-825_CDZ_2461191.44298611.FITS,2461191.44298611,2026-05-30,2026.4108027016719,0.5661481032548004,23.5661481032548,RC14 + UVEX_600 + Atik460EX,5400,2.2837984848421926,10.157,6.388965994119644e-05,0.7957744758805582,-2.9174838638072513,1.0807197842770453,-3.3787933417050584,1.916555175082566,11.23224620714659
000-BBW-825_CDZ_2461193.45704861.FITS,2461193.45704861,2026-06-01,2026.416320681123,0.5749990710285537,23.574999071028554,RC14 + UVEX_600 + Atik460EX,5400,2.4024203497466354,10.178,0.0010313899256289005,0.7737459168031028,-3.211937852979757,1.13368252885238,-3.1132393234206104,2.3042011037475896,13.511534578735766
000-BBW-825_CDZ_2461195.56392361.FITS,2461195.56392361,2026-06-04,2026.422092941397,0.5842579111749089,23.58425791117491,RC14 + UVEX_600 + Atik460EX,6000,2.1873962077687836,10.067,0.0007063900120556355,0.776685356047454,-3.195201053631245,1.0696605927410958,-4.114886818568599,1.8449758957471616,9.772673552673321
000-BBW-825_CDZ_2461196.55655093.FITS,2461196.55655093,2026-06-05,2026.4248124683008,0.588620095775056,23.588620095775056,RC14 + UVEX_600 + Atik460EX,6000,2.1260291168002126,10.04,0.0010290700010955334,0.7806489264886604,-3.088672104425019,1.037916634283842,-4.23335219814256,1.7240295278600792,9.249143799768872
000-BBW-825_CDZ_2461197.56081019.FITS,2461197.56081019,2026-06-06,2026.4275638635347,0.5930333979201876,23.593033397920188,RC14 + UVEX_600 + Atik460EX,6000,2.0970815909324094,10.082,0.0007298099808394909,0.7719337372366574,-3.1519307371306065,1.1232923016081564,-3.3876963375989657,1.9755882665142672,11.950136526148311
000-BBW-825_CDZ_2461198.5544213.FITS,2461198.5544213,2026-06-07,2026.4302860857536,0.5973999058687127,23.597399905868713,RC14 + UVEX_600 + Atik460EX,6000,2.009313214474197,10.097,0.0006887000054121017,0.7579689262299315,-3.258935345808717,1.0701592211826219,-3.760409013309458,1.890133601121472,10.680517522279859
000-BBW-825_CDZ_2461199.55543981.FITS,2461199.55543981,2026-06-08,2026.4330286022187,0.6017989662614411,23.60179896626144,RC14 + UVEX_600 + Atik460EX,6000,2.0429831643014364,10.073,0.0009201900102198124,0.7716711073943523,-3.2110224512056047,1.0621991891112321,-3.9305735783854803,1.8370503606229556,10.184194955306774
000-BBW-825_CDZ_2461200.55642361.FITS,2461200.55642361,2026-06-09,2026.4357710235893,0.606197874120511,23.60619787412051,RC14 + UVEX_600 + Atik460EX,6000,1.9826587426853641,10.095,0.0007163900882005692,0.7805815241443498,-3.021520697937302,1.0392928001114028,-4.099462763604391,1.7380293580384611,9.583200482396709
000-BBW-825_CDZ_2461204.54.FITS,2461204.54,2026-06-13,2026.446684931507,0.623704037041648,23.623704037041648,RC14 + UVEX_600 + Atik460EX,6000,1.9784322597948643,10.043,0.0007299999706447124,0.7734279639382878,-3.204238911301025,1.0711377517045,-3.928321380371753,2.087531013915363,11.75949897897962
000-BBW-825_CDZ_2461205.54554398.FITS,2461205.54554398,2026-06-14,2026.4494398465201,0.6281229849948957,23.628122984994896,RC14 + UVEX_600 + Atik460EX,6000,2.097217945374175,10.056,-0.0049649798311293125,0.7668253684121623,-3.2352442157477186,1.0834305598797132,-3.927974399274258,1.9980496935230536,11.182611454569095
000-BBW-825_CDZ_2461209.51818287.FITS,2461209.51818287,2026-06-18,2026.460323788685,0.6455810821492598,23.64558108214926,RC14 + UVEX_600 + Atik460EX,3600,1.978359203105926,9.968,-0.011402870062738657,0.7688739786254526,-3.104182854102284,1.1089028132689336,-4.29738728009698,2.1495691702595066,11.596467873180156
000-BBW-825_CDZ_2461210.51583333.FITS,2461210.51583333,2026-06-19,2026.463057077616,0.6499653413623925,23.649965341362392,RC14 + UVEX_600 + Atik460EX,3600,1.9480338080385176,9.944,0.00017667002975940704,0.7750779644573219,-3.010118296701913,1.1243639361438402,-3.9988756594386867,2.223911729507459,12.745673916291556
000-BBW-825_CDZ_2461213.50902778.FITS,2461213.50902778,2026-06-22,2026.4712576103564,0.6631191871957931,23.663119187195793,RC14 + UVEX_600 + Atik460EX,4200,1.6310534425153167,9.941,-0.0004177801311016083,0.8039515801223518,-2.763873904298632,1.0992856540871119,-3.3705184757087827,1.7968840921372429,9.052986101052324
000-BBW-825_CDZ_2461214.50399306.FITS,2461214.50399306,2026-06-23,2026.47398354263,0.6674916461589042,23.667491646158904,RC14 + UVEX_600 + Atik460EX,4200,2.0822179955346107,9.957,-0.00022306013852357864,0.7744075361251345,-3.280104669592947,1.1041170515007983,-4.242930967858646,1.9655231290722635,10.990257108267041
000-BBW-825_CDZ_2461215.53306713.FITS,2461215.53306713,2026-06-24,2026.4768029236438,0.6720139990811411,23.67201399908114,RC14 + UVEX_600 + Atik460EX,5400,2.10140732422634,9.914,-0.029427130240947008,0.7787174633620954,-3.241396651090257,1.0716687625637311,-4.004206223599185,1.9315174694197847,11.157830277837725
000-BBW-825_CDZ_2461216.5325.FITS,2461216.5325,2026-06-25,2026.479541095891,0.6764060912469461,23.676406091246946,RC14 + UVEX_600 + Atik460EX,5400,1.9415727063720996,9.919,-0.0012600002810359001,0.7759372802977005,-3.2018273956813346,1.0900747589751,-4.153391665840658,1.8997611421669789,10.541429923735288
000-BBW-825_CDZ_2461217.49353009.FITS,2461217.49353009,2026-06-25,2026.482174055041,0.6806294191504563,23.680629419150456,RC14 + UVEX_600 + Atik460EX,6000,2.0115172979569174,9.939,0.001049910206347704,0.7816448246458553,-3.104627717713604,1.092360974837022,-4.141945845955495,1.9496682660178557,11.136182653094167
000-BBW-825_CDZ_2461218.45678241.FITS,2461218.45678241,2026-06-26,2026.484813102493,0.6848625128322503,23.68486251283225,RC14 + UVEX_600 + Atik460EX,6000,2.1487276954411487,9.977,0.0010675899684429169,0.764087006461755,-3.2202129509521185,1.0992017335455329,-4.0809376879900015,1.9169461683233875,10.890479865062767
000-BBW-825_CDZ_2461219.47399306.FITS,2461219.47399306,2026-06-27,2026.4875999809867,0.6893327309541881,23.689332730954188,RC14 + UVEX_600 + Atik460EX,3000,2.106608491190348,9.979,0.001156939659267664,0.7640541806456133,-3.417370037305887,1.0800115013832026,-4.259484225790964,1.7715728779645066,9.34919287113161
000-BBW-825_CDZ_2461220.45521991.FITS,2461220.45521991,2026-06-28,2026.490288273726,0.6936448152257739,23.693644815225774,RC14 + UVEX_600 + Atik460EX,6000,2.0446168710780177,9.947,0.0010600900277495384,0.7757597859066572,-3.2058194336909747,1.0575137561611616,-4.388087891002429,1.787800501450232,9.761758592058229
000-BBW-825_CDZ_2461221.45005787.FITS,2461221.45005787,2026-06-29,2026.4930138571774,0.6980167146696097,23.69801671466961,RC14 + UVEX_600 + Atik460EX,6000,2.059288779914207,9.991,0.0011021303944289684,0.7761387733804151,-3.172028542483867,1.045858966327183,-4.528922696352877,1.7667134745677822,9.779389681619408
000-BBW-825_CDZ_2461222.45158565.FITS,2461222.45158565,2026-06-30,2026.495757768904,0.7024180130944195,23.70241801309442,RC14 + UVEX_600 + Atik460EX,6000,2.0712929034412673,9.968,0.001084350049495697,0.7692735161414403,-3.30199739008461,1.091317728231732,-4.373275114404128,1.8240702515142713,9.805494128964117
000-BBW-825_CDZ_2461223.45583333.FITS,2461223.45583333,2026-07-01,2026.4985091324104,0.7068312643479331,23.706831264347933,RC14 + UVEX_600 + Atik460EX,6000,2.142832246341032,10.004,-0.030833330005407333,0.768213116229768,-3.240325441295149,1.0766963595224897,-4.187325666477527,1.8425273748165514,9.966863884937903
000-BBW-825_CDZ_2461224.45611111.FITS,2461224.45611111,2026-07-02,2026.501249619479,0.7112270695412626,23.711227069541263,RC14 + UVEX_600 + Atik460EX,6000,2.291451607475453,9.984,-0.0014311098493635654,0.7575095330764453,-3.370848846826842,1.0813888395413027,-4.494521488774204,1.8006858405788826,9.778343769994219
000-BBW-825_CDZ_2461225.44872685.FITS,2461225.44872685,2026-07-03,2026.5039691146578,0.7155892032538809,23.71558920325388,RC14 + UVEX_600 + Atik460EX,6000,2.0653749286316256,9.989,0.0012231497094035149,0.7730751852331398,-3.125208199575791,1.0403064499959944,-4.492407347837856,1.6019314202949575,8.20837966877506
000-BBW-825_CDZ_2461227.45190972.FITS,2461227.45190972,2026-07-05,2026.509457286904,0.7243923595757096,23.72439235957571,RC14 + UVEX_600 + Atik460EX,6000,2.215366036962328,10.0454,1.0279938578605652e-05,0.7272276527597973,-3.6925782206197377,1.072875311498532,-4.260799648892559,1.8351118306584737,10.018803408449191
000-BBW-825_CDZ_2461228.44168981.FITS,2461228.44168981,2026-07-06,2026.5121690131775,0.7287420317828541,23.728742031782854,RC14 + UVEX_600 + Atik460EX,4800,2.2459769031961416,10.029,0.0006301901303231716,0.738598345274602,-3.5893766015682975,1.0544769353883783,-4.494473326445261,1.732404792380208,9.198088427324965
000-BBW-825_CDZ_2461229.45265046.FITS,2461229.45265046,2026-07-07,2026.5149387683834,0.7331847837514722,23.733184783751472,RC14 + UVEX_600 + Atik460EX,6000,2.4528565846261876,10.056,-0.0017704600468277931,0.7439127050615624,-3.5897601234645125,1.046976822664895,-4.464731117357086,1.7652003268351064,9.611295186469876
000-BBW-825_CDZ_2461230.44921296.FITS,2461230.44921296,2026-07-08,2026.5176690766027,0.7375642618331248,23.737564261833125,RC14 + UVEX_600 + Atik460EX,6000,2.257100545764085,10.07,0.005807040259242058,0.7428054126248596,-3.551631644812149,1.0664160282643163,-4.562310246223459,1.7145232266476307,9.047056629994914
000-BBW-825_CDZ_2461231.44851852.FITS,2461231.44851852,2026-07-09,2026.5204069000554,0.7419557945246744,23.741955794524674,RC14 + UVEX_600 + Atik460EX,4200,2.055618375325734,10.044,-0.001428520306944847,0.7455087463446244,-3.5923423531282803,1.0405056056854203,-4.451746225727426,1.6920973513838045,8.855540840980087
000-BBW-825_CDZ_2461232.44105324.FITS,2461232.44105324,2026-07-10,2026.5231261732606,0.7463175721862676,23.746317572186268,RC14 + UVEX_600 + Atik460EX,4800,2.1146775110399627,10.042,0.0006367596797645092,0.7415677771187079,-3.505211534649746,1.061396035747088,-4.381760005839001,1.7811203281884083,9.443570334471941
000-BBW-825_CDZ_2461233.44196759.FITS,2461233.44196759,2026-07-11,2026.5258684043556,0.7507161748388675,23.750716174838868,RC14 + UVEX_600 + Atik460EX,4800,2.1258026823323393,10.047,0.0006124102510511875,0.7415197129701325,-3.6228131032463313,1.0438564345479304,-4.4215332155556855,1.6758450283260713,8.441288382304753
000-BBW-825_CDZ_2461234.4437963.FITS,2461234.4437963,2026-07-12,2026.5286131405476,0.7551187957254619,23.755118795725462,RC14 + UVEX_600 + Atik460EX,4800,2.1830870692647535,10.042,0.0006437003612518311,0.7441682066088221,-3.589350204348851,1.040844148786119,-4.474498867341628,1.6219624389706737,8.211947529490718
000-BBW-825_CDZ_2461236.44643519.FITS,2461236.44643519,2026-07-14,2026.5340998224378,0.7639195614815506,23.76391956148155,RC14 + UVEX_600 + Atik460EX,6000,2.1852964495608447,10.044,-0.001715189777314663,0.7206048105676783,-3.6794078961543866,1.046306079231806,-4.622728826287125,1.6163568756154334,7.840757568985916
000-BBW-825_CDZ_2461237.44699074.FITS,2461237.44699074,2026-07-15,2026.5368410705207,0.7683165873595641,23.768316587359564,RC14 + UVEX_600 + Atik460EX,6000,2.197882860586386,10.003,0.0017492598854005337,0.7252732400416585,-3.6825488998373666,1.026431429874346,-4.742311316584003,1.5282493963128856,7.312007677723219
000-BBW-825_CDZ_2461238.44599537.FITS,2461238.44599537,2026-07-16,2026.5395780695067,0.7727067975872828,23.772706797587283,RC14 + UVEX_600 + Atik460EX,6000,2.2381621417172473,10.143,-0.012995369732379913,0.7286372610249803,-3.694066083802734,1.046881128901254,-4.72765423610829,1.5078767920497318,7.40995600419832
000-BBW-825_CDZ_2461239.45006944.FITS,2461239.45006944,2026-07-17,2026.54232895737,0.7771192858982907,23.77711928589829,RC14 + UVEX_600 + Atik460EX,6000,2.2404797133859686,10.007,-0.0017194398678839207,0.7426019698838554,-3.646777202197569,1.0863887884706847,-4.271828268895058,1.9035089567697674,10.492159196569084
000-BBW-825_CDZ_2461240.44394676.FITS,2461240.44394676,2026-07-18,2026.545051908932,0.7814869637299182,23.781486963729918,RC14 + UVEX_600 + Atik460EX,6000,2.2776226889631186,10.028,-0.0016867602244019508,0.722779352605432,-3.783093045589232,1.0652651626827925,-4.433465629572796,1.6836685673418534,8.540531698150037
000-BBW-825_CDZ_2461241.46861111.FITS,2461241.46861111,2026-07-19,2026.5478592085205,0.7859899377643131,23.785989937764313,RC14 + UVEX_600 + Atik460EX,10200,2.348171406283725,10.007,0.005558889824897051,0.7492679694322271,-3.489170782353303,1.0515721739581074,-4.675462019536463,1.664482255631173,8.542279479927343
000-BBW-825_CDZ_2461242.48489583.FITS,2461242.48489583,2026-07-20,2026.5506435502193,0.7904560868077048,23.790456086807705,RC14 + UVEX_600 + Atik460EX,13200,2.3295879607389067,9.8563,0.00015855999663472176,0.7403159809779243,-3.5969387004405164,1.0685930022154824,-4.487491300343255,1.6659823819015172,8.617480703657048
000-BBW-825_CDZ_2461244.47469907.FITS,2461244.47469907,2026-07-22,2026.5560950659458,0.799200445216691,23.79920044521669,RC14 + UVEX_600 + Atik460EX,11400,2.2225734114547198,10.0109,-0.0004290700890123844,0.7529213534535648,-3.3331669805478232,1.0638588944304728,-4.383770028368179,1.8262757235742952,9.946857888142926
000-BBW-825_CDZ_2461245.49053241.FITS,2461245.49053241,2026-07-23,2026.558878170986,0.8036646106308467,23.803664610630847,RC14 + UVEX_600 + Atik460EX,14400,2.3395851762211652,10.001,-0.0005924096331000328,0.7499123604700992,-3.452266338686319,1.1015920634828789,-4.050434710935169,1.858987240459798,10.695094275113496
000-BBW-825_CDZ_2461246.45173611.FITS,2461246.45173611,2026-07-24,2026.5615116057802,0.8078887014789125,23.807888701478912,RC14 + UVEX_600 + Atik460EX,7800,2.226180031984145,10.011,0.001513889990746975,0.7560963758452596,-3.4178541906002424,1.1178272728952585,-4.053797618810343,1.9906847923958093,11.119286821198573
000-BBW-825_CDZ_2461247.4409838.FITS,2461247.4409838,2026-07-25,2026.5642218734254,0.812236034011935,23.812236034011935,RC14 + UVEX_600 + Atik460EX,6000,2.1409474613051795,9.983,-0.0017638001590967178,0.7690237800492535,-3.2655844115696566,1.1263992964042133,-3.8198563501082594,2.0640321899339438,12.051451839333033
000-BBW-825_CDZ_2461248.49956019.FITS,2461248.49956019,2026-07-26,2026.567122082712,0.816888037369754,23.816888037369754,RC14 + UVEX_600 + Atik460EX,6000,2.3294725207720206,10.006,-0.0017801900394260883,0.7635211300312312,-3.3056309542773583,1.0934795427387185,-3.9662439318520093,1.9170612615841978,10.67387673798288
000-BBW-825_CDZ_2461249.4590625.FITS,2461249.4590625,2026-07-27,2026.569750856164,0.8211046513161726,23.821104651316173,RC14 + UVEX_600 + Atik460EX,9000,2.181285793975809,10.026,-0.0006625000387430191,0.7632884898487424,-3.2473034703905714,1.050635922355634,-4.228639974378774,1.6874141473892297,8.727289497426533
000-BBW-825_CDZ_2461252.45553241.FITS,2461252.45553241,2026-07-30,2026.5779603627677,0.8342728914356385,23.83427289143564,RC14 + UVEX_600 + Atik460EX,9000,2.3826853798861993,10.024,-0.0009524100460112095,0.7606518422217237,-3.2266311717518863,1.0979037175545938,-4.081490407958391,1.781116245763181,10.013465662325272
000-BBW-825_CDZ_2461254.45596065.FITS,2461254.45596065,2026-08-01,2026.5834409880822,0.8430639423030186,23.84306394230302,RC14 + UVEX_600 + Atik460EX,9000,2.7513407498214657,10.62,-0.0024306499399244785,0.7555539637946553,-3.400088562682328,1.0951190927815875,-3.956220930603732,1.7366550054968648,9.488362633351162
000-BBW-825_CDZ_2461255.45671296.FITS,2461255.45671296,2026-08-02,2026.5861827752324,0.8474618328576646,23.847461832857665,RC14 + UVEX_600 + Atik460EX,9000,2.486534978157622,10.061,-0.0008829599246382713,0.7515847239550194,-3.3971205739325234,1.0776416750729865,-4.196690620652412,1.683457833992886,9.246397593440749
000-BBW-825_CDZ_2461256.45231482.FITS,2461256.45231482,2026-08-03,2026.588910451562,0.851837089327109,23.85183708932711,RC14 + UVEX_600 + Atik460EX,9000,2.427057671276501,10.133,0.038252179976552725,0.7516319086835243,-3.3799552497133227,1.1093273502552008,-4.059754973509435,1.7934570731335346,10.085162591081314
000-BBW-825_CDZ_2461257.45208333.FITS,2461257.45208333,2026-08-04,2026.5916495433703,0.8562306564904034,23.856230656490403,RC14 + UVEX_600 + Atik460EX,9000,2.4184895440163254,10.042,-0.0010233302600681782,0.7580288754829287,-3.37703004343908,1.0889032263567935,-4.152770405873385,1.9324760789267346,11.241379819116377
000-BBW-825_CDZ_2461258.46186343.FITS,2461258.46186343,2026-08-05,2026.5944160641923,0.8606682204319611,23.86066822043196,RC14 + UVEX_600 + Atik460EX,9000,2.3739205740213367,10.092,-0.0010434300638735294,0.7873562528190027,-3.0016316963363288,1.071044086505756,-4.017982916738415,1.9275308789828698,11.058685004430085
000-BBW-825_CDZ_2461259.46006944.FITS,2461259.46006944,2026-08-06,2026.5971508751777,0.8650549210553891,23.86505492105539,RC14 + UVEX_600 + Atik460EX,10200,1.2575991197542273,10.116,0.0010805600322782993,0.7867698353182101,-2.9717979847951757,1.0793119831076547,-3.6490307509033952,1.9808354682024347,11.744906836215467
000-BBW-825_CDZ_2461260.45148148.FITS,2461260.45148148,2026-08-07,2026.5998670725482,0.8694117650068236,23.869411765006824,RC14 + UVEX_600 + Atik460EX,9000,2.3346189027344932,10.148,-0.0010314802639186382,0.7665256899970376,-3.3635790620631605,1.0907249223925948,-3.788943945578828,2.0620073513746915,12.105229064486487
000-BBW-825_CDZ_2461261.45100694.FITS,2461261.45100694,2026-08-08,2026.6026054984661,0.873804264066159,23.87380426406616,RC14 + UVEX_600 + Atik460EX,9000,1.2598921721387506,10.17,-0.00187694001942873,0.7672590088875683,-3.2636929846655547,1.1192680861269642,-3.381380770734218,2.028639941591617,11.8943386297422
000-BBW-825_CDZ_2461262.45217593.FITS,2461262.45217593,2026-08-09,2026.6053484272059,0.8782039857573096,23.87820398575731,RC14 + UVEX_600 + Atik460EX,9000,2.3603693514114994,10.139,-0.001035930123180151,0.7708476960452862,-3.12834595760998,1.096346613762013,-3.5127440769205047,2.0337091222602264,12.04745959790351
000-BBW-825_CDZ_2461263.44899306.FITS,2461263.44899306,2026-08-10,2026.6080794330405,0.8825845828304466,23.882584582830447,RC14 + UVEX_600 + Atik460EX,9000,2.2582549172385447,10.18,-0.0005030599422752857,0.7662859122643657,-3.298966793476051,1.1176567111336129,-3.5295808339136663,1.9938106270644538,11.545164707187157
000-BBW-825_CDZ_2461264.44834491.FITS,2461264.44834491,2026-08-11,2026.6108173833152,0.8869763189472728,23.886976318947273,RC14 + UVEX_600 + Atik460EX,9000,2.2341563161157016,10.205,0.0008560898713767529,0.7636086512577803,-3.331364517615591,1.087990725297675,-3.7022490924546023,1.9220128357661757,10.664587944030965
000-BBW-825_CDZ_2461265.42956019.FITS,2461265.42956019,2026-08-12,2026.6135056443563,0.8912883523743069,23.891288352374307,RC14 + UVEX_600 + Atik460EX,6000,2.2060967659339608,10.195,0.0013498100452125072,0.7364589929280833,-3.3853998997773322,1.0776599568243508,-3.790110326329947,1.7785171149255037,9.495706574679605
000-BBW-825_CDZ_2461266.42851852.FITS,2461266.42851852,2026-08-13,2026.6162425164937,0.8956783591337754,23.895678359133775,RC14 + UVEX_600 + Atik460EX,6000,2.319644894176774,10.19,-0.002178520429879427,0.7698843615205335,-3.2820552235405387,1.0723359631314089,-3.830213253261363,1.7478081809453365,9.644403138261582
000-BBW-825_CDZ_2461267.42719907.FITS,2461267.42719907,2026-08-14,2026.6189786275886,0.9000671451635398,23.90006714516354,RC14 + UVEX_600 + Atik460EX,6000,2.248994050541224,10.22,-4.906998947262764e-05,0.7523148951396565,-3.3681451436652123,1.0570336277780257,-4.1367079731469465,1.6628021765839467,8.787340749644633
000-BBW-825_CDZ_2461268.42328704.FITS,2461268.42328704,2026-08-15,2026.6217076357264,0.9044445378838759,23.904444537883876,RC14 + UVEX_600 + Atik460EX,5400,2.1947859013261106,10.22,-0.0009720399975776672,0.7664875846041714,-3.3104468327601144,1.0561030162380403,-4.0949997233639674,1.599709056459467,8.384170118596764
000-BBW-825_CDZ_2461275.42105324.FITS,2461275.42105324,2026-08-22,2026.640879597918,0.9351968125207399,23.93519681252074,RC14 + UVEX_600 + Atik460EX,5400,2.1392110561259354,10.214,-0.002323240041732788,0.7761044509421877,-3.149703852428891,1.0661553901496508,-3.4367991355617997,1.9171903871835632,11.436656839144247
000-BBW-825_CDZ_2461276.41726852.FITS,2461276.41726852,2026-08-23,2026.64360895485,0.9395747647153314,23.93957476471533,RC14 + UVEX_600 + Atik460EX,5400,2.192328995472461,10.222,-0.001378520391881466,0.7671270873434507,-3.265474292830931,1.1072245575912556,-3.133829879124722,1.9548118058843467,11.994422744706865
000-BBW-825_CDZ_2461277.42173611.FITS,2461277.42173611,2026-08-24,2026.6463609208492,0.9439889823816507,23.94398898238165,RC14 + UVEX_600 + Atik460EX,6000,2.2554108754094195,10.208,-0.001776109915226698,0.7613898287519864,-3.3288965916139266,1.131822377665982,-3.2175628889278656,1.9466511186088755,12.116037247853194
000-BBW-825_CDZ_2461281.388125.FITS,2461281.388125,2026-08-28,2026.6572277397263,0.9614196133826916,23.96141961338269,RC14 + UVEX_600 + Atik460EX,600,2.124572604423908,10.21,-0.0007250001654028893,0.7766097158224011,-3.191582676377645,1.176281106685855,-2.758548458224061,2.041629717564171,12.628836058355805
